objectid,filename,youtubeid,vimeoid,title,creator,illustrator,set,date,description,subject,location,latitude,longtitude,source,identifier,type,format,language,rights,rightsstatement
mbp000,mtg_lea_starter_deckbox.jpg,,,Stater Deckbox,Wizards of the Coast,,Limited Edition Alpha,1993,Starter Deckbox,paratext; deck box,,,,TCGPlayer.com,,Image,image/png,English,Wizards of the Coast,https://rightsstatements.org/vocab/InC-NC/1.0/
mbp001,mtg_card_back.jpg,,,MTG Card Back,Wizards of the Coast,,,1993,"The original artwork that appears in the back of MTG cards, which is meant to resemble the cover of a book.",card back; book cover,,,,MTG Wiki,,Image,image/jpeg,English,Wizards of the Coast,https://rightsstatements.org/vocab/InC-NC/1.0/
mbp002,mtg_pocket_guide.png,,,The Magic: the Gathering Player's Guide Cover,Wizards of the Coast,,,1995,The cover for the official Magic the Gathering Player's Guide - Fourth Edition.,book cover; paratext; storyworld,,,,MTG Wiki,,Image,image/png,English,Wizards of the Coast,https://rightsstatements.org/vocab/InC-NC/1.0/
mbp003,lea-96-contract-from-below.png,,,Contract From Below,Wizards of the Coast,"Shuler, Douglas",Limited Edition Alpha,1993,"The edition of the card ""Contract from Below."" Subsequent printings of the card use the same illustation as this version.",scroll illustration,,,,Scryfall.com,9853b0ce-4763-4877-9741-f9145a3659c6,Image,image/png,English,Wizards of the Coast,https://rightsstatements.org/vocab/InC-NC/1.0/
mbp004,lea-98-dark-ritual.png,,,Dark Ritual,Wizards of the Coast,"Everingham, Sandra",Limited Edition Alpha,1993,"The first edition of the card ""Dark Ritual"" from 1993. Subsequent versions of this card have different illustations that do not contain a visual reference to the book.",book illustration,,,,Scryfall.com,ebb6664d-23ca-456e-9916-afcd6f26aa7f,Image,image/png,English,Wizards of the Coast,https://rightsstatements.org/vocab/InC-NC/1.0/
mbp005,lea-104-demonic-tutor.png,,,Demonic Tutor,Wizards of the Coast,"Shuler, Douglas",Limited Edition Alpha,1993,"The Limited Edition Alpha version of the card ""Demonic Tutor.""",book illustration,,,,Scryfall.com,711d4d54-5520-4de8-9b93-79902ed8e562,Image,image/png,English,Wizards of the Coast,https://rightsstatements.org/vocab/InC-NC/1.0/
mbp006,lea-117-nettling-imp.png,,,Nettling Imp,Wizards of the Coast,"Hoover, Quinton",Limited Edition Alpha,1993,"The Limited Edition Alpha version of the card ""Nettling Imp.""",book illustration,,,,Scryfall.com,8105973c-a94d-444c-ba20-ab0fa978bee8,Image,image/png,English,Wizards of the Coast,https://rightsstatements.org/vocab/InC-NC/1.0/
mbp007,lea-147-false-orders.png,,,False Orders,Wizards of the Coast,"Maddocks, Anson",Limited Edition Alpha,1993,"The Limited Edition Alpha version of the card ""False Orders.""",scroll illustration,,,,Scryfall.com,7eb71ac4-796d-4011-9002-1129bc09c284,Image,image/png,English,Wizards of the Coast,https://rightsstatements.org/vocab/InC-NC/1.0/
mbp008,lea-238-copper-tablet.png,,,Copper Tablet,Wizards of the Coast,"Weber, Amy",Limited Edition Alpha,1993,"The Limited Edition Alpha version of the card ""Copper Tablet.""",tablet illustration,,,,Scryfall.com,30935e4a-013e-4c46-ad05-304df8e5dfa4,Image,image/png,English,Wizards of the Coast,https://rightsstatements.org/vocab/InC-NC/1.0/
mbp009,lea-254-jayemdae-tome.png,,,Jayemdae Tome,Wizards of the Coast,"Tedin, Mark",Limited Edition Alpha,1993,"The Limited Edition Alpha version of the card ""jayemdae Tome.""",book illustration,,,,Scryfall.com,cac8c421-5b92-481d-b2de-560c0231ab58,Image,image/png,English,Wizards of the Coast,https://rightsstatements.org/vocab/InC-NC/1.0/
mbp010,lea-257-library-of-leng.png,,,Library of Leng,Wizards of the Coast,"Gelon, Daniel",Limited Edition Alpha,1993,"The Limited Edition Alpha version of the card ""Library of Leng.""",book illustration; library illustration,,,,Scryfall.com,c2fbf45f-9599-42e2-8510-7e20731e6c68,Image,image/png,English,Wizards of the Coast,https://rightsstatements.org/vocab/InC-NC/1.0/
mbp011,lea-115-mind-twist.png,,,Mind Twist,Wizards of the Coast,"Baroh, Julie",Limited Edition Alpha,1993,"The Limited Edition Alpha version of the card ""Mind Twist.""",book illustration,,,,Scryfall.com,9763ea41-55c4-4b0a-9dc2-91ad4938b343,Image,image/png,English,Wizards of the Coast,https://rightsstatements.org/vocab/InC-NC/1.0/
mbp012,lea-52-control-magic.png,,,Control Magic,Wizards of the Coast,"Willich, Dameon",Limited Edition Alpha,1993,"The Limited Edition Alpha version of the card ""Control Magic.""",book illustration,,,,Scryfall.com,7b52f459-c703-4a0b-9114-ff69eec61287,Image,image/png,English,Wizards of the Coast,https://rightsstatements.org/vocab/InC-NC/1.0/
mbp013,lea-63-magical-hack.png,,,Magical Hack,Wizards of the Coast,"Baroh, Julie",Limited Edition Alpha,1993,"The Limited Edition Alpha version of the card ""Magical Hack.""",book illustration,,,,Scryfall.com,2bd4202c-0477-45aa-82fd-83c85d6d4bef,Image,image/png,English,Wizards of the Coast,https://rightsstatements.org/vocab/InC-NC/1.0/
mbp014,lea-155-granite-gargoyle.png,,,Granite Gargoyle,Wizards of the Coast,"Rush, Christopher",Limited Edition Alpha,1993,"The Limited Edition Alpha version of the card ""Granite Gargoyle.""",flavor text; character,,,,Scryfall.com,f15bf2b2-6848-4fbd-b89a-8d8da8ae1cdc,Image,image/png,English,Wizards of the Coast,https://rightsstatements.org/vocab/InC-NC/1.0/
mbp015,lea-29-northern-paladin.png,,,Northern Paladin,Wizards of the Coast,"Shuler, Douglas",Limited Edition Alpha,1993,"The Limited Edition Alpha version of the card ""Northern Paladin.""",flavor text; character,,,,Scryfall.com,6303233b-35eb-49ca-b844-ba6b9fe1cbd2,Image,image/png,English,Wizards of the Coast,https://rightsstatements.org/vocab/InC-NC/1.0/
mbp016,afr-82-wizard-s-spellbook.png,,,Wizard's Spellbook,Wizards of the Coast,"Compiet, Iris",Adventures in the Forgotten Realm,2021,"The Adventures in the Forgotten Realm version of the card ""Wizard's Spellbook.""",book illustration,,,,Scryfall.com,b6ed0a4c-0234-4341-8dcb-5eea6a9632e7,Image,image/png,English,Wizards of the Coast,https://rightsstatements.org/vocab/InC-NC/1.0/
mbp017,mh2-240-the-underworld-cookbook.png,,,The Underworld Cookbook,Wizards of the Coast,"Slucher, Joe",Modern Horizons 2,2021,The Underworld Cookbook,book illustration,,,,Scryfall.com,039d62b0-3309-4424-a2ea-5a0d88d4bd72,Image,image/png,English,Wizards of the Coast,https://rightsstatements.org/vocab/InC-NC/1.0/
mbp018,afr-91-the-book-of-vile-darkness.png,,,The Book of Vile Darkness,Wizards of the Coast,"Ljunggren, Daniel",Adventures in the Forgotten Realm,2021,The Book of Vile Darkness,book illustration,,,,Scryfall.com,05dcff61-8c48-401f-a31f-5fc53a298356,Image,image/png,English,Wizards of the Coast,https://rightsstatements.org/vocab/InC-NC/1.0/
mbp019,afr-4-the-book-of-exalted-deeds.png,,,The Book of Exalted Deeds,Wizards of the Coast,"Ljunggren, Daniel",Adventures in the Forgotten Realm,2021,The Book of Exalted Deeds,book illustration,,,,Scryfall.com,a1899bb1-dd8e-4437-8ea3-4ad637eabf2b,Image,image/png,English,Wizards of the Coast,https://rightsstatements.org/vocab/InC-NC/1.0/
mbp020,tneo-16-tamiyo-s-notebook.png,,,Tamiyo's Notebook,Wizards of the Coast,"Vargas, Randy",Kamigawa: Neon Dynasty,2022,Tamiyo's Notebook,digital book illustration; token card,,,,Scryfall.com,992cb1e0-e846-4710-b49e-a748e4ebffa5,Image,image/png,English,Wizards of the Coast,https://rightsstatements.org/vocab/InC-NC/1.0/
mbp021,one-70-tamiyo-s-logbook.png,,,Tamiyo's Logbook,Wizards of the Coast,"Dura, Piotr",Phyrexia: All Will Be One,2023,Tamiyo's Logbook,book illustration,,,,Scryfall.com,0edb2d01-9a94-410c-8ab7-ca1b404ab5f0,Image,image/png,English,Wizards of the Coast,https://rightsstatements.org/vocab/InC-NC/1.0/
mbp022,exo-138-spellbook.png,,,Spellbook,Wizards of the Coast,Ciruelo,Exodus,1998,Spellbook,book illustration,,,,Scryfall.com,33fb104c-f8ca-4da2-8f1f-8fe6f291407e,Image,image/png,English,Wizards of the Coast,https://rightsstatements.org/vocab/InC-NC/1.0/
mbp023,ons-310-slate-of-ancestry.png,,,Slate of Ancestry,Wizards of the Coast,"Macourek, Corey D.",Onslaught,2002,Slate of Ancestry,tablet illustration,,,,Scryfall.com,ae596e8c-04f5-48b0-b5e2-683c74912e85,Image,image/png,English,Wizards of the Coast,https://rightsstatements.org/vocab/InC-NC/1.0/
mbp024,mid-63-mysterious-tome.png,,,Mysterious Tome,Wizards of the Coast,"Nash, David Auden",Innistrad: Midnight Hunt,2021,Mysterious Tome,double-sided card; book illustration,,,,Scryfall.com,caa57b63-bb11-45e8-8795-de92ca61f4f1,Image,image/png,English,Wizards of the Coast,https://rightsstatements.org/vocab/InC-NC/1.0/
mbp025,mid-63-chilling-chronicle.png,,,Chilling Chronicle,Wizards of the Coast,"Nash, David Auden",Innistrad: Midnight Hunt,2021,Chilling Chronicle,double-sided card; card back; book illustration,,,,Scryfall.com,caa57b63-bb11-45e8-8795-de92ca61f4f1,Image,image/png,English,Wizards of the Coast,https://rightsstatements.org/vocab/InC-NC/1.0/
mbp026,atq-54-jalum-tome.png,,,Jalum Tome,Wizards of the Coast,"Wänerstrand, Tom",Antiquities,1994,Jalum Tome,book illustration,,,,Scryfall.com,5a5b7c5a-ee63-4a1b-9a0f-fb0a309168df,Image,image/png,English,Wizards of the Coast,https://rightsstatements.org/vocab/InC-NC/1.0/
mbp027,dst-123-geth-s-grimoire.png,,,Geth's Grimoire,Wizards of the Coast,"Hudson, Heather",Darksteel,2004,Geth's Grimoire,book illustration,,,,Scryfall.com,0a21d76d-d86c-4348-be45-f65167d2b5a9,Image,image/png,English,Wizards of the Coast,https://rightsstatements.org/vocab/InC-NC/1.0/
mbp028,tmp-289-fool-s-tome.png,,,Fool's Tome,Wizards of the Coast,"Baroh, Julie",Tempest,1997,Fool's Tome,book illustration,,,,Scryfall.com,83be257c-8945-46be-8b58-fb2881084026,Image,image/png,English,Wizards of the Coast,https://rightsstatements.org/vocab/InC-NC/1.0/
mbp029,drk-98-book-of-rass.png,,,Book of Rass,Wizards of the Coast,"Everingham, Sandra",The Dark,1994,Book of Rass,book illustration,,,,Scryfall.com,5a391ada-e9e3-45db-ae84-17421ac6b44d,Image,image/png,English,Wizards of the Coast,https://rightsstatements.org/vocab/InC-NC/1.0/
mbp030,unf-183-autograph-book.png,,,Autograph Book,Wizards of the Coast,"Maier, Ben",Unfinity,2022,Autograph Book,book illustration,,,,Scryfall.com,b3e53c1d-56cf-4d3f-8150-df307c5a3ae4,Image,image/png,English,Wizards of the Coast,https://rightsstatements.org/vocab/InC-NC/1.0/
mbp031,m19-227-arcane-encyclopedia.png,,,Arcane Encyclopedia,Wizards of the Coast,"Klein, Nic",Core Set 2019,2018,Arcane Encyclopedia,book illustration,,,,Scryfall.com,0ce4702d-f65b-413e-99da-112f632a0a63,Image,image/png,English,Wizards of the Coast,https://rightsstatements.org/vocab/InC-NC/1.0/
mbp032,dom-235-urza-s-tome.png,,,Urza's Tome,Wizards of the Coast,"MIller, Aaron",Dominaria,2018,Urza's Tome,book illustration,,,,Scryfall.com,d6bead8b-a67f-4451-9d44-038f8688093f,Image,image/png,English,Wizards of the Coast,https://rightsstatements.org/vocab/InC-NC/1.0/
mbp033,rna-242-tome-of-the-guildpact.png,,,Tome of the Guildpact,Wizards of the Coast,"Gallegos, Randy",Ravnica Allegiance,2019,Tome of the Guildpact,book illustration,,,,Scryfall.com,95e307d4-7e5f-4f00-869e-da0e7abbf27f,Image,image/png,English,Wizards of the Coast,https://rightsstatements.org/vocab/InC-NC/1.0/
mbp034,eld-332-tome-of-legends.png,,,Tome of Legends,Wizards of the Coast,"Pesic, Mila",Throne of Eldraine,2019,Tome of Legends,book illustration,,,,Scryfall.com,040301e8-20c1-4f4c-8766-d05f11415efd,Image,image/png,English,Wizards of the Coast,https://rightsstatements.org/vocab/InC-NC/1.0/
mbp035,wth-160-thran-tome.png,,,Thran Tome,Wizards of the Coast,"Giancola, Donato",Weatherlight,1997,Thran Tome,book illustration,,,,Scryfall.com,63db7360-fe6e-430f-bfee-a2f80bcb6fec,Image,image/png,English,Wizards of the Coast,https://rightsstatements.org/vocab/InC-NC/1.0/
mbp036,clb-685-sarevok-s-tome.png,,,Sarevok's Tome,Wizards of the Coast,"Lunter, Titus",Commander Legends: Battle for Baldur's Gate,2022,Sarevok's Tome,book illustration,,,,Scryfall.com,5a470690-a05d-4311-963c-50cbf779846d,Image,image/png,English,Wizards of the Coast,https://rightsstatements.org/vocab/InC-NC/1.0/
mbp037,unh-125-my-first-tome.png,,,My First Tome,Wizards of the Coast,"Hudson, Heather",Unhinged,2004,My First Tome,book illustration,,,,Scryfall.com,e56ccbd2-c17d-4625-bc11-181d36a84936,Image,image/png,English,Wizards of the Coast,https://rightsstatements.org/vocab/InC-NC/1.0/
mbp038,m21-232-mazemind-tome.png,,,Mazemind Tome,Wizards of the Coast,"Gallegos, Randy",Core Set 2021,2020,Mazemind Tome,book illustration,,,,Scryfall.com,9fd761f3-6b43-4150-8595-dc3abd85b06c,Image,image/png,English,Wizards of the Coast,https://rightsstatements.org/vocab/InC-NC/1.0/
mbp039,mir-309-mangara-s-tome.png,,,Mangara's Tome,Wizards of the Coast,"Bolton, John",Mirage,1996,Mangara's Tome,book illustration,,,,Scryfall.com,557ebacf-4a8f-4548-a142-533b7adfdac3,Image,image/png,English,Wizards of the Coast,https://rightsstatements.org/vocab/InC-NC/1.0/
mbp040,tmp-284-emmessi-tome.png,,,Emmessi Tome,Wizards of the Coast,"Wänerstrand, Tom",Tempest,1997,Emmessi Tome,book illustration,,,,Scryfall.com,a870e48a-41ae-4d9f-b181-074deb067d40,Image,image/png,English,Wizards of the Coast,https://rightsstatements.org/vocab/InC-NC/1.0/
mbp041,pw11-80-curse-of-the-bloody-tome.png,,,Curse of the Bloody Tome,Wizards of the Coast,"Stanko, John",Wizards Play Network 2011,2011,Curse of the Bloody Tome,book illustration,,,,Scryfall.com,bb4b500e-2616-4135-ae04-ca14a33fce59,Image,image/png,English,Wizards of the Coast,https://rightsstatements.org/vocab/InC-NC/1.0/
mbp042,frf-163-scroll-of-the-masters.png,,,Scroll of the Masters,Wizards of the Coast,"Hurwitz, Lake",Fate Reforged,2015,Scroll of the Masters,scroll illustration,,,,Scryfall.com,d6c7f24e-5ead-4b32-a804-4c89929508f6,Image,image/png,English,Wizards of the Coast,https://rightsstatements.org/vocab/InC-NC/1.0/
mbp043,sok-159-scroll-of-origins.png,,,Scroll of Origins,Wizards of the Coast,"Orizio, Dany",Saviors of Kamigawa,2005,Scroll of Origins,scroll illustration,,,,Scryfall.com,36b39d20-47b5-468b-aaf8-f6b7c7048b33,Image,image/png,English,Wizards of the Coast,https://rightsstatements.org/vocab/InC-NC/1.0/
mbp044,ltr-69-scroll-of-isildur.png,,,Scroll of Isildur,Wizards of the Coast,"Benjaminsen, Audrey",The Lord of the Rings: Tales of Middle-earth,2023,Scroll of Isildur,scroll illustration,,,,Scryfall.com,195821f4-ba3d-4412-930f-f3656b319dfd,Image,image/png,English,Wizards of the Coast,https://rightsstatements.org/vocab/InC-NC/1.0/
mbp045,avr-221-scroll-of-griselbrand.png,,,Scroll of Griselbrand,Wizards of the Coast,"Childs, Cliff",Avacyn Restored,2012,Scroll of Griselbrand,scroll illustration,,,,Scryfall.com,2263ceaf-49d2-40fe-86b8-146271b11e46,Image,image/png,English,Wizards of the Coast,https://rightsstatements.org/vocab/InC-NC/1.0/
mbp046,c19-58-scroll-of-fate.png,,,Scroll of Fate,Wizards of the Coast,"Dura, Piotr",Commander 2019,2019,Scroll of Fate,scroll illustration,,,,Scryfall.com,a25ffab0-1119-4eca-9abe-077a699f19d0,Image,image/png,English,Wizards of the Coast,https://rightsstatements.org/vocab/InC-NC/1.0/
mbp047,avr-220-scroll-of-avacyn.png,,,Scroll of Avacyn,Wizards of the Coast,"Childs, Cliff",Avacyn Restored,2012,Scroll of Avacyn,scroll illustration,,,,Scryfall.com,871e6e2a-7e45-446b-b964-94377eb6ca92,Image,image/png,English,Wizards of the Coast,https://rightsstatements.org/vocab/InC-NC/1.0/
mbp048,hml-33-merchant-scroll.png,,,Merchant Scroll,Wizards of the Coast,"Danforth, Liz",Homelands,1995,Merchant Scroll,scroll illustration,,,,Scryfall.com,d4133ceb-6176-411a-9eb8-51721c1bb435,Image,image/png,English,Wizards of the Coast,https://rightsstatements.org/vocab/InC-NC/1.0/
mbp049,tmp-281-cursed-scroll.png,,,Cursed Scroll,Wizards of the Coast,"Gregory, D. Alexander",Tempest,1997,Cursed Scroll,scroll illustration,,,,Scryfall.com,31415b9b-fb30-4132-a9a3-795b4573a901,Image,image/png,English,Wizards of the Coast,https://rightsstatements.org/vocab/InC-NC/1.0/
mbp050,dmu-233-jodah-s-codex.png,,,Jodah's Codex,Wizards of the Coast,"MIller, Aaron",Dominaria United,2022,Jodah's Codex,book illustration,,,,Scryfall.com,d636da1e-4cc6-40a1-bd83-cc0dd761b1cc,Image,image/png,English,Wizards of the Coast,https://rightsstatements.org/vocab/InC-NC/1.0/
mbp051,usg-286-barrin-s-codex.png,,,Barrin's Codex,Wizards of the Coast,DiTerlizzi,Urza's Saga,1998,Barrin's Codex,book illustration,,,,Scryfall.com,9951b225-f11e-41bd-ab6e-e1fda957dff3,Image,image/png,English,Wizards of the Coast,https://rightsstatements.org/vocab/InC-NC/1.0/
mbp052,clb-242-monster-manual.png,,,Monster Manual // Zoological Study,Wizards of the Coast,David Gaillet,Commander Legends: Battle for Baldur's Gate,2022,Monster Manual // Zoological Study,adventure card; book illustration,,,,Scryfall.com,27223ee4-970a-438a-beff-a1b13b14aff4,Image,image/png,English,Wizards of the Coast,https://rightsstatements.org/vocab/InC-NC/1.0/
mbp053,avr-219-otherworld-atlas.png,,,Otherworld Atlas,Wizards of the Coast,"Connelly, Sam Wolfe",Avacyn Restored,2012,Otherworld Atlas,book illustration,,,,Scryfall.com,46e4aa67-4643-42ff-8172-200498686494,Image,image/png,English,Wizards of the Coast,https://rightsstatements.org/vocab/InC-NC/1.0/
mbp054,tmp-301-phyrexian-grimoire.png,,,Phyrexian Grimoire,Wizards of the Coast,"Chaffee, Doug",Tempest,1997,Phyrexian Grimoire,book illustration,,,,Scryfall.com,2fcf5b8a-563b-48d7-a874-e9c226192320,Image,image/png,English,Wizards of the Coast,https://rightsstatements.org/vocab/InC-NC/1.0/
mbp055,tsp-263-sarpadian-empires-vol-vii.png,,,"Sarpadian Empires, Vol. VII",Wizards of the Coast,"Chaffee, Doug",Time Spiral,2006,"Sarpadian Empires, Vol. VII",book illustration,,,,Scryfall.com,"b37a6cf7-f239-4bca-b4c3-a48932ef56b5""",Image,image/png,English,Wizards of the Coast,https://rightsstatements.org/vocab/InC-NC/1.0/
mbp056,som-220-venser-s-journal.png,,,Venser's Journal,Wizards of the Coast,"Moeller, Christopher",Scars of Mirrodin,2010,Venser's Journal,book illustration,,,,Scryfall.com,2763643d-5b53-49d0-bc3d-5626bf00f3f4,Image,image/png,English,Wizards of the Coast,https://rightsstatements.org/vocab/InC-NC/1.0/
mbp057,atq-42-bronze-tablet.png,,,Bronze Tablet,Wizards of the Coast,"Wänerstrand, Tom",Antiquities,1994,Bronze Tablet,tablet illustration,,,,Scryfall.com,6fb10552-dd47-4f8a-ac7c-8c2b61e56736,Image,image/png,English,Wizards of the Coast,https://rightsstatements.org/vocab/InC-NC/1.0/
mbp058,dmu-232-inscribed-tablet.png,,,Inscribed Tablet,Wizards of the Coast,"Threat, Jarel",Dominaria United,2022,Inscribed Tablet,tablet illustration,,,,Scryfall.com,699d8655-d250-4ab6-92c5-376979bbabc7,Image,image/png,English,Wizards of the Coast,https://rightsstatements.org/vocab/InC-NC/1.0/
mbp059,one-245-tablet-of-compleation.png,,,Tablet of Compleation,Wizards of the Coast,"de Diego Sádaba, Martin",Phyrexia: All Will Be One,2023,Tablet of Compleation,tablet illustration,,,,Scryfall.com,9747e4b0-fcf9-4f1d-b990-2a3e461adfee,Image,image/png,English,Wizards of the Coast,https://rightsstatements.org/vocab/InC-NC/1.0/
mbp060,atq-67-tablet-of-epityr.png,,,Tablet of Epityr,Wizards of the Coast,"Rush, Christopher",Antiquities,1994,Tablet of Epityr,tablet illustration,,,,Scryfall.com,6d7a2718-301f-4191-b348-0c44c7c07d43,Image,image/png,English,Wizards of the Coast,https://rightsstatements.org/vocab/InC-NC/1.0/
mbp061,rtr-235-tablet-of-the-guilds.png,,,Tablet of the Guilds,Wizards of the Coast,"Klein, Nic",Return to Ravnica,2014,Tablet of the Guilds,tablet illustration,,,,Scryfall.com,6b006384-6fb6-4129-b1d2-7674d1141f8f,Image,image/png,English,Wizards of the Coast,https://rightsstatements.org/vocab/InC-NC/1.0/
mbp062,stx-253-codie-vociferous-codex.png,,,"Codie, Vociferous Codex",Wizards of the Coast,"Ljunggren, Daniel",Strixhaven: School of Mages,2021,"Codie, Vociferous Codex",book illustration; character,,,,Scryfall.com,ea476ee1-67d9-4dd8-a5ac-f68a155eb18b,Image,image/png,English,Wizards of the Coast,https://rightsstatements.org/vocab/InC-NC/1.0/
mbp063,sta-23-whirlwind-denial.png,,,Whirlwind Denial,Wizards of the Coast,"Finnstark, Anato",Strixhaven Mystical Archive,2021,Whirlwind Denial,reprinted card; flavor text,,,,Scryfall.com,f7a0c25a-8760-44ea-a418-fcd4a9761632,Image,image/png,English,Wizards of the Coast,https://rightsstatements.org/vocab/InC-NC/1.0/
mbp064,ywoe-6-tome-of-gadwick.png,,,Tome of Gadwick,Wizards of the Coast,"Minard, Maxime",Alchemy: Wilds of Eldraine,2023,Tome of Gadwick,digital card; book illustration,,,,Scryfall.com,9fd6e966-5591-4021-928c-e83c96ea24ea,Image,image/png,English,Wizards of the Coast,https://rightsstatements.org/vocab/InC-NC/1.0/
mbp065,j21-13-tome-of-the-infinite.png,,,Tome of the Infinite,Wizards of the Coast,"Meehan, Joseph",Jumpstart: Historic Horizons,2021,Tome of the Infinite,digital card; book illustration,,,,Scryfall.com,ac8cd054-99aa-4d6b-aa01-bfd9d25495c2,Image,image/png,English,Wizards of the Coast,https://rightsstatements.org/vocab/InC-NC/1.0/
mbp066,ust-26-animate-library.png,,,Animate Library,Wizards of the Coast,"Swanland, Raymond",Unstable,2017,Animate Library,book illustration; character; library illustration,,,,Scryfall.com,add4f168-c69e-4045-9725-47208ef69935,Image,image/png,English,Wizards of the Coast,https://rightsstatements.org/vocab/InC-NC/1.0/
mbp067,voc-6-haunted-library.png,,,Haunted Library,Wizards of the Coast,"Dura, Justyna",Crimson Vow Commander,2021,Haunted Library,book illustration; library illustration,,,,Scryfall.com,b0193151-0f5f-457b-a6b2-08f66b53c9b2,Image,image/png,English,Wizards of the Coast,https://rightsstatements.org/vocab/InC-NC/1.0/
mbp068,clu-18-library.png,,,Library,Wizards of the Coast,"Yuan, Arthur",Ravnica: Clue Edition,2023,Library,library illustration,,,,Scryfall.com,442cf173-8042-40fa-98d6-6ca93caa3e03,Image,image/png,English,Wizards of the Coast,https://rightsstatements.org/vocab/InC-NC/1.0/
mbp069,arn-76-library-of-alexandria.png,,,Library of Alexandria,Wizards of the Coast,"Poole, Mark",Arabian Nights,1993,Library of Alexandria,library illustration,,,,Scryfall.com,ee266113-34ce-4189-84e7-ee2c86a2722c,Image,image/png,English,Wizards of the Coast,https://rightsstatements.org/vocab/InC-NC/1.0/
mbp070,leg-207-sylvan-library.png,,,Sylvan Library,Wizards of the Coast,"McNeill, Harold",Legends,1994,Sylvan Library,library illustration,,,,Scryfall.com,f486df00-7c4a-4ff0-bb0b-c8b5432ac742,Image,image/png,English,Wizards of the Coast,https://rightsstatements.org/vocab/InC-NC/1.0/
mbp071,all-31-library-of-lat-nam.png,,,Library of Lat-Nam,Wizards of the Coast,"Rabinowitz, Alan",Alliances,1996,Library of Lat-Nam,book illustration; library illustration,,,,Scryfall.com,5f5fa739-e8d4-4e1d-8b6b-c334d1e91bef,Image,image/png,English,Wizards of the Coast,https://rightsstatements.org/vocab/InC-NC/1.0/
mbp072,plc-134-magus-of-the-library.png,,,Magus of the Library,Wizards of the Coast,"Reynolds, Wayne",Planar Chaos,2007,Magus of the Library,book illustration; character; library illustration,,,,Scryfall.com,899db99b-df27-4848-a23d-5c645deae450,Image,image/png,English,Wizards of the Coast,https://rightsstatements.org/vocab/InC-NC/1.0/
mbp073,m21-55-library-larcenist.png,,,Library Larcenist,Wizards of the Coast,"Pesic, Mila",Core Set 2021,2020,Library Larcenist,scroll illustration; character; library illustration,,,,Scryfall.com,cb33529b-80bd-4f52-94cc-d8371c53ad75,Image,image/png,English,Wizards of the Coast,https://rightsstatements.org/vocab/InC-NC/1.0/
mbp074,mh3-261-waterlogged-teachings.png,,,Waterlogged Teachings,Wizards of the Coast,"Shuler, Douglas",Modern Horizons 3,2024,Waterlogged Teachings,double-sided card; book illustration,,,,Scryfall.com,060f9675-4921-4cbb-bae2-54c85c679fd4,Image,image/png,English,Wizards of the Coast,https://rightsstatements.org/vocab/InC-NC/1.0/
mbp075,mh3-261-inundated-archive.png,,,Inundated Archive,Wizards of the Coast,"Shuler, Douglas",Modern Horizons 3,2024,Inundated Archive,double-sided card; card back; book illustration; archive illustration,,,,Scryfall.com,060f9675-4921-4cbb-bae2-54c85c679fd4,Image,image/png,English,Wizards of the Coast,https://rightsstatements.org/vocab/InC-NC/1.0/
mbp076,ori-221-alhammarret-s-archive.png,,,Alhammarret's Archive,Wizards of the Coast,"Wright, Richard",Magic Origins,2015,Alhammarret's Archive,archive illustration,,,,Scryfall.com,70afb856-6697-411b-b1aa-e9290a0bfd68,Image,image/png,English,Wizards of the Coast,https://rightsstatements.org/vocab/InC-NC/1.0/
mbp077,ktk-218-cranial-archive.png,,,Cranial Archive,Wizards of the Coast,"Baǵa, Volkan",Khans of Tarkir,2014,Cranial Archive,archive illustration,,,,Scryfall.com,1284b15f-2a70-48d6-89d3-e787af3f07eb,Image,image/png,English,Wizards of the Coast,https://rightsstatements.org/vocab/InC-NC/1.0/
mbp078,bfz-223-hedron-archive.png,,,Hedron Archive,Wizards of the Coast,"Spearing, Craig J",Battle for Zendikar,2015,Hedron Archive,archive illustration,,,,Scryfall.com,2519149c-f8a3-413f-b7b2-cd596970be4c,Image,image/png,English,Wizards of the Coast,https://rightsstatements.org/vocab/InC-NC/1.0/
mbp079,mmq-302-kyren-archive.png,,,Kyren Archive,Wizards of the Coast,"Raupp, Roger",Mercadian Masques,1999,Kyren Archive,book illustration; archive illustration,,,,Scryfall.com,5e65a06a-e7af-422a-9481-446731009935,Image,image/png,English,Wizards of the Coast,https://rightsstatements.org/vocab/InC-NC/1.0/
mbp080,mkm-264-meticulous-archive.png,,,Meticulous Archive,Wizards of the Coast,"Burley, Sam",Murders at Karlov Manor,2024,Meticulous Archive,archive illustration,,,,Scryfall.com,652236c2-84ef-45e4-b5fc-ed6170bc3d6c,Image,image/png,English,Wizards of the Coast,https://rightsstatements.org/vocab/InC-NC/1.0/
mbp081,dis-169-walking-archive.png,,,Walking Archive,Wizards of the Coast,"Hudson, Heather",Dissension,2006,Walking Archive,scroll illustration; character; archive illustration,,,,Scryfall.com,c390e074-bd30-4564-a39a-176af7df79f4,Image,image/png,English,Wizards of the Coast,https://rightsstatements.org/vocab/InC-NC/1.0/
mbp082,ons-61-words-of-worship.png,,,Words of Worship,Wizards of the Coast,"Guay, Rebecca",Onslaught,2002,Words of Worship,"book illustration, card cycle, flavor text",,,,Scryfall.com,0ea5c6e0-8361-4214-997b-32a66b19fae9,Image,image/png,English,Wizards of the Coast,https://rightsstatements.org/vocab/InC-NC/1.0/
mbp083,ons-122-words-of-wind.png,,,Words of Wind,Wizards of the Coast,"Peterson, Eric",Onslaught,2002,Words of Insight,"book illustration, card cycle, flavor text",,,,Scryfall.com,5595a57a-a76c-467b-afaf-5affffc24f35,Image,image/png,English,Wizards of the Coast,https://rightsstatements.org/vocab/InC-NC/1.0/
mbp084,ons-182-words-of-waste.png,,,Words of Waste,Wizards of the Coast,"Tiritilli, Jerry",Onslaught,2002,Words of Waste,"book illustration, card cycle, flavor text",,,,Scryfall.com,d2dcb8ed-23e7-4cee-9f43-042232c6035a,Image,image/png,English,Wizards of the Coast,https://rightsstatements.org/vocab/InC-NC/1.0/
mbp085,ons-244-words-of-war.png,,,Words of War,Wizards of the Coast,"Sweet, Justin",Onslaught,2002,Words of War,"book illustration, card cycle, flavor text",,,,Scryfall.com,2593a6a6-dc21-4742-acb8-f7092931b1ce,Image,image/png,English,Wizards of the Coast,https://rightsstatements.org/vocab/InC-NC/1.0/
mbp086,ons-305-words-of-wilding.png,,,Words of Wildling,Wizards of the Coast,"England, Wayne",Onslaught,2002,Words of Wildling,"book illustration, card cycle, flavor text",,,,Scryfall.com,fdb9565f-5b09-4127-b169-3146079dab84,Image,image/png,English,Wizards of the Coast,https://rightsstatements.org/vocab/InC-NC/1.0/
mbp087,mor-82-warren-weirding.png,,,Warren Weirding,Wizards of the Coast,"Cavotta, Matt",Morningtide,2008,Warren Weirding,flavor text,,,,Scryfall.com,b0c1288b-5515-497f-b15d-520a29322f5b,Image,image/png,English,Wizards of the Coast,https://rightsstatements.org/vocab/InC-NC/1.0/
mbp088,soi-144-vessel-of-malignity.png,,,Vessel of Malignity,Wizards of the Coast,"Yanner, Kieran",Shadows Over Innistrad,2016,Vessel of Malignity,"book illustration, card cycle, flavor text",,,,Scryfall.com,81b44857-1edb-4de4-b646-917101faf881,Image,image/png,English,Wizards of the Coast,https://rightsstatements.org/vocab/InC-NC/1.0/
mbp089,sld-1353-vanquish-the-horde.png,,,Destroy the Dead (Vanquish the Horde),Wizards of the Coast,"Newton, Josh",Secret Lair,2023,Destroy the Dead (Vanquish the Horde),"book illustration, secret lair card",,,,Scryfall.com,a1215c98-e372-4261-b3bf-8b64ac0fb470,Image,image/png,English,Wizards of the Coast,https://rightsstatements.org/vocab/InC-NC/1.0/
mbp090,mh1-112-undead-augur.png,,,Undead Augur,Wizards of the Coast,"Winters, Sara",Modern Horizons,2019,Undead Augur,flavor text,,,,Scryfall.com,c6e3049e-9397-4bef-914b-e9664661419c,Image,image/png,English,Wizards of the Coast,https://rightsstatements.org/vocab/InC-NC/1.0/
mbp091,dmu-148-thrill-of-possibility.png,,,Thrill of Possibility,Wizards of the Coast,"Nash, David Auden",Dominaria United,2019,Thrill of Possibility,"flavor text, reprinted card",,,,Scryfall.com,25e5dc88-9573-4eaa-bd37-eb0dee4add03,Image,image/png,English,Wizards of the Coast,https://rightsstatements.org/vocab/InC-NC/1.0/
mbp092,ltc-287-thought-vessel.png,,,Thought Vessel,Wizards of the Coast,"Canavaggia, Loïc",The Lord of the Rings: Tales of Middle-earth,2023,Thought Vessel,"book illustration; scroll illustration; reprinted card, flavor text",,,,Scryfall.com,62d4f5fe-d83d-4508-819b-57784ea44fa4,Image,image/png,English,Wizards of the Coast,https://rightsstatements.org/vocab/InC-NC/1.0/
mbp093,tsr-92-think-twice.png,,,Think Twice,Wizards of the Coast,"Nelson, Jim",Time Spiral Remastered,2021,Think Twice,book illustration; reprinted card,,,,Scryfall.com,50e1d85b-f094-40e2-8811-640076d7d546,Image,image/png,English,Wizards of the Coast,https://rightsstatements.org/vocab/InC-NC/1.0/
mbp094,40k-62-their-name-is-death.png,,,Their Name is Death,Wizards of the Coast,"Shipard, Evan","Warhammer 40,000 Commander",2022,Their Name is Death,flavor text,,,,Scryfall.com,ea5ddc28-dfc1-4b96-b6e2-590fcb1f83ef,Image,image/png,English,Wizards of the Coast,https://rightsstatements.org/vocab/InC-NC/1.0/
mbp095,40k-253-talisman-of-creativity.png,,,Talisman of Creativity,Wizards of the Coast,"Ortiz, Hector","Warhammer 40,000 Commander",2022,Talisman of Creativity,flavor text; reprinted card,,,,Scryfall.com,33ae73bc-fac3-4c15-9863-117caa30e4aa,Image,image/png,English,Wizards of the Coast,https://rightsstatements.org/vocab/InC-NC/1.0/
mbp096,m19-246-suspicious-bookcase.png,,,Suspicious Bookcase,Wizards of the Coast,"Ovchinnikova, Anastasia",Core Set 2019,2018,Suspicious Bookcase,book illustration; flavor text,,,,Scryfall.com,ccf01421-856e-4cdd-8938-148928626f56,Image,image/png,English,Wizards of the Coast,https://rightsstatements.org/vocab/InC-NC/1.0/
mbp097,stx-236-spirit-summoning.png,,,Spirit Summoning,Wizards of the Coast,"Kuzinskiy, Andrey",Strixhaven: School of Mages,2021,Spirit Summoning,book illustration; flavor text,,,,Scryfall.com,74be6236-4095-419c-9927-fbd874df21f8,Image,image/png,English,Wizards of the Coast,https://rightsstatements.org/vocab/InC-NC/1.0/
mbp098,stx-258-spell-satchel.png,,,Spell Satchel,Wizards of the Coast,"Tang, YW",Strixhaven: School of Mages,2021,Spell Satchel,book illustation,,,,Scryfall.com,7de826a0-6e68-4d40-a51c-8d6e7a4148d1,Image,image/png,English,Wizards of the Coast,https://rightsstatements.org/vocab/InC-NC/1.0/
mbp099,woe-31-spellbook-vendor.png,,,Spellbook Vendor,Wizards of the Coast,"Murphy, Scott",Wilds of Eldraine,2023,Spellbook Vendor,book illustration; character,,,,Scryfall.com,4ceac5b5-05eb-4f00-9477-3db490be24dd,Image,image/png,English,Wizards of the Coast,https://rightsstatements.org/vocab/InC-NC/1.0/
mbp100,wth-27-southern-paladin.png,,,Southern Paladin,Wizards of the Coast,"Shuler, Douglas",Weatherlight,1997,Southern Paladin,character; flavor text,,,,Scryfall.com,2a3c94a1-8455-4521-a0d5-ee2982527b89,Image,image/png,English,Wizards of the Coast,https://rightsstatements.org/vocab/InC-NC/1.0/
mbp101,40k-141-sister-hospitaller.png,,,Sister Hospitaller,Wizards of the Coast,Games Workshop,"Warhammer 40,000 Commander",2022,Sister Hospitaller,character; flavor text,,,,Scryfall.com,fb086307-b089-45ba-81d3-789ed35dc5b8,Image,image/png,English,Wizards of the Coast,https://rightsstatements.org/vocab/InC-NC/1.0/
mbp102,7ed-43-serra-s-embrace.png,,,Serra's Embrace,Wizards of the Coast,Ciruelo,Seventh Edition,2001,Serra's Embrace,flavor text; reprinted card,,,,Scryfall.com,ff41d966-5c11-4732-99e1-ada41a6020a7,Image,image/png,English,Wizards of the Coast,https://rightsstatements.org/vocab/InC-NC/1.0/
mbp103,unh-88-saute.png,,,Saute,Wizards of the Coast,"Miracola, Jeff",Unhinged,2004,Saute,flavor text,,,,Scryfall.com,"85cbebbb-7ea4-4140-933f-186cad08697d""",Image,image/png,English,Wizards of the Coast,https://rightsstatements.org/vocab/InC-NC/1.0/
mbp104,mh2-21-marble-gargoyle.png,,,Marble Gargoyle,Wizards of the Coast,"Drew, Tucker",Modern Horizons 2,2021,Marble Gargoyle,character; flavor text,,,,Scryfall.com,0c62efb9-11f2-4f82-af08-4587d58d6e3d,Image,image/png,English,Wizards of the Coast,https://rightsstatements.org/vocab/InC-NC/1.0/
mbp105,tsr-174-lightning-axe.png,,,Lightning Axe,Wizards of the Coast,"Scott, Dan Murayama",Time Spiral Remastered,2021,Lightning Axe,flavor text; reprinted card,,,,Scryfall.com,ca33c171-ab9e-4908-8f97-82cd83b173c0,Image,image/png,English,Wizards of the Coast,https://rightsstatements.org/vocab/InC-NC/1.0/
mbp106,dmu-40-academy-loremaster.png,,,Academy Loremaster,Wizards of the Coast,"Medeiros, Marcela",Dominaria United,2022,Academy Loremaster,book illustration; library illustration; character,,,,Scryfall.com,9fca4c4f-a77b-483e-9da4-574ba2e3d179,Image,image/png,English,Wizards of the Coast,https://rightsstatements.org/vocab/InC-NC/1.0/
mbp107,mh2-186-asmoranomardicadaistinaculdacar.png,,,Asmoranomardicadaistinaculdacar,Wizards of the Coast,"Pancoast, Ryan",Modern Horizons 2,2021,Asmoranomardicadaistinaculdacar,character; flavor text,,,,Scryfall.com,d99a9a7d-d9ca-4c11-80ab-e39d5943a315,Image,image/png,English,Wizards of the Coast,https://rightsstatements.org/vocab/InC-NC/1.0/
mbp108,ltr-115-battle-scarred-goblin.png,,,Battle-Scarred Goblin,Wizards of the Coast,"Chukov, Hristo D.",The Lord of the Rings: Tales of Middle-earth,2023,Battle-Scarred Goblin,flavor text,,,,Scryfall.com,b91859de-1983-4c9c-a9e6-289c7dba1eb4,Image,image/png,English,Wizards of the Coast,https://rightsstatements.org/vocab/InC-NC/1.0/
mbp109,9ed-65-battle-of-wits.png,,,Battle of Wits,Wizards of the Coast,"Beard, Edward P., Jr.",Ninth Edition,2005,Battle of Wits,"book illustration, library illustration",,,,Scryfall.com,c9b56b6c-1372-4e4b-afe0-6030777efc68,Image,image/png,English,Wizards of the Coast,https://rightsstatements.org/vocab/InC-NC/1.0/
mbp110,2x2-352-blood-artist.png,,,Blood Artist,Wizards of the Coast,"Critchlow, Carl",Double Masters 2022,2022,Blood Artist,book illustration; reprinted card,,,,Scryfall.com,5587191b-b56a-452d-8a18-1622df83c267,Image,image/png,English,Wizards of the Coast,https://rightsstatements.org/vocab/InC-NC/1.0/
mbp111,jud-80-book-burning.png,,,Book Burning,Wizards of the Coast,"Dorman, Dave",Judgment,2002,Book Burning,book illustration,,,,Scryfall.com,bead678c-7b6a-4668-9919-623312e08a65,Image,image/png,English,Wizards of the Coast,https://rightsstatements.org/vocab/InC-NC/1.0/
mbp112,grn-93-book-devourer.png,,,Book Devourer,Wizards of the Coast,"Walker, Kev",Guilds of Ravnica,2018,Book Devourer,book illustration; character,,,,Scryfall.com,01dfe640-5bd2-4d0b-8977-887b2ed4c2dd,Image,image/png,English,Wizards of the Coast,https://rightsstatements.org/vocab/InC-NC/1.0/
mbp113,stx-123-bookwurm.png,,,Bookwurm,Wizards of the Coast,"Reynolds, Wayne",Strixhaven: School of Mages,2021,Bookwurm,book illustration; library illustration; character,,,,Scryfall.com,57d230fc-d382-40b4-bdbd-5fe880fa16bf,Image,image/png,English,Wizards of the Coast,https://rightsstatements.org/vocab/InC-NC/1.0/
mbp114,spg-74-condemn.png,,,Condemn,Wizards of the Coast,"Cai, Rovina",Special Guests,2024,Condemn,flavor text; reprinted card,,,,Scryfall.com,ee6a541f-a72e-4aa5-bced-430e5158ca85,Image,image/png,English,Wizards of the Coast,https://rightsstatements.org/vocab/InC-NC/1.0/
mbp115,ody-70-careful-study.png,,,Careful Study,Wizards of the Coast,"Fischer, Scott M.",Odyssey,2001,Careful Study,book illustration; library illustration,,,,Scryfall.com,dea15b53-2940-40e7-8d48-8ec11341da83,Image,image/png,English,Wizards of the Coast,https://rightsstatements.org/vocab/InC-NC/1.0/
mbp116,stx-39-bury-in-books.png,,,Bury in Books,Wizards of the Coast,"Boros, Zoltan",Strixhaven: School of Mages,2021,Bury in Books,book illustration,,,,Scryfall.com,ac2a2cf5-80cf-4c06-8b04-bc04a5460de5,Image,image/png,English,Wizards of the Coast,https://rightsstatements.org/vocab/InC-NC/1.0/
mbp117,emn-54-curious-homunculus.png,,,Curious Homunculus,Wizards of the Coast,"Burburan, Filip",Eldritch Moon,2016,Curious Homunculus,double-sided card; book illustration; library illustration; character,,,,Scryfall.com,22e816af-df55-4a3f-a6e7-0ff3bb1b45b5,Image,image/png,English,Wizards of the Coast,https://rightsstatements.org/vocab/InC-NC/1.0/
mbp118,emn-54-voracious-reader.png,,,Voracious Reader,Wizards of the Coast,"Burburan, Filip",Eldritch Moon,2016,Voracious Reader,double-sided card; card back; book illustration; library illustration; character,,,,Scryfall.com,22e816af-df55-4a3f-a6e7-0ff3bb1b45b5,Image,image/png,English,Wizards of the Coast,https://rightsstatements.org/vocab/InC-NC/1.0/
mbp119,sta-3-defiant-strike.png,,,Defiant Strike,Wizards of the Coast,"Mayer, Dominik",Strixhaven Mystical Archive,2021,Defiant Strike,reprinted card; flavor text,,,,Scryfall.com,ade8f339-4afb-477a-9434-e6cd9126cd10,Image,image/png,English,Wizards of the Coast,https://rightsstatements.org/vocab/InC-NC/1.0/
mbp120,5ed-56-righteousness.png,,,Righteousness,Wizards of the Coast,"Dringenberg, Mike",Fifth Edition,1997,Righteousness,reprinted card; flavor text,,,,Scryfall.com,b7a76892-2806-4fb4-882b-6de2869839c2,Image,image/png,English,Wizards of the Coast,https://rightsstatements.org/vocab/InC-NC/1.0/
mbp121,9ed-157-ravenous-rats.png,,,Ravenous Rats,Wizards of the Coast,"Critchlow, Carl",Ninth Edition,2005,Ravenous Rats,reprinted card; flavor text; character; book illustration; library illustration,,,,Scryfall.com,d7269485-ea4e-4560-994d-3788f89194dd,Image,image/png,English,Wizards of the Coast,https://rightsstatements.org/vocab/InC-NC/1.0/
mbp122,woe-65-quick-study.png,,,Quick Study,Wizards of the Coast,"Compiet, Iris",Wilds of Eldraine,2023,Quick Study,book illustration; library illustration,,,,Scryfall.com,"b78e2bca-bc93-464a-8911-8361abff2ac6""",Image,image/png,English,Wizards of the Coast,https://rightsstatements.org/vocab/InC-NC/1.0/
mbp123,ice-209-orcish-librarian.png,,,Orcish Librarian,Wizards of the Coast,"Foglio, Phil",Ice Age,1995,Orcish Librarian,book illustration; library illustation; character,,,,Scryfall.com,8ed908d6-6d06-4ccb-9577-37ef2d01c1a5,Image,image/png,English,Wizards of the Coast,https://rightsstatements.org/vocab/InC-NC/1.0/
mbp124,shm-232-old-ghastbark.png,,,Old Ghostbark,Wizards of the Coast,"Baxa, Thomas M.",Shadowmoor,2008,Old Ghostbark,flavor text; character,,,,Scryfall.com,5b5ab941-89cc-4fdd-a916-3a54651f6478,Image,image/png,English,Wizards of the Coast,https://rightsstatements.org/vocab/InC-NC/1.0/
mbp125,mh2-206-moderation.png,,,Moderation,Wizards of the Coast,"Vargas, Randy",Modern Horizons 2,2021,Moderation,flavor text,,,,Scryfall.com,c41b3d7a-f8e1-46b8-a689-6125dcd9cb17,Image,image/png,English,Wizards of the Coast,https://rightsstatements.org/vocab/InC-NC/1.0/
mbp126,gvl-36-drudge-skeletons.png,,,Drudge Skeletons,Wizards of the Coast,Daarken,Duel Decks Anthology: Garruk vs. Liliana,2014,Drudge Skeletons,reprinted card; flavor text,,,,Scryfall.com,bd6f73bc-3181-40fa-9156-b73e4280e747,Image,image/png,English,Wizards of the Coast,https://rightsstatements.org/vocab/InC-NC/1.0/
mbp127,shm-38-flow-of-ideas.png,,,Flow of Ideas,Wizards of the Coast,"Dringenberg, Mike",Shadowmoor,2008,Flow of Ideas,reprinted card; flavor text,,,,Scryfall.com,3194d88d-6f2c-47ed-ad9c-d55bb1858e79,Image,image/png,English,Wizards of the Coast,https://rightsstatements.org/vocab/InC-NC/1.0/
mbp128,stx-105-hall-monitor.png,,,Hall Monitor,Wizards of the Coast,"Imel, Forrest",Strixhaven: School of Mages,2021,Hall Monitor,book illustration; character,,,,Scryfall.com,02fdc551-0b22-49f4-8765-143ad82f16a3,Image,image/png,English,Wizards of the Coast,https://rightsstatements.org/vocab/InC-NC/1.0/
mbp129,m20-63-hard-cover.png,,,Hard Cover,Wizards of the Coast,PINDURSKI,Core Set 2020,2019,Hard Cover,book illustration; character,,,,Scryfall.com,e16c9f3a-534b-42d4-9765-8d1cb15375aa,Image,image/png,English,Wizards of the Coast,https://rightsstatements.org/vocab/InC-NC/1.0/
mbp130,usg-78-hermetic-study.png,,,Hermetic Study,Wizards of the Coast,"Spencer, Ron",Urza's Saga,1998,Hermetic Study,book illustration,,,,Scryfall.com,8321888a-a450-4c15-9461-255cfaa05367,Image,image/png,English,Wizards of the Coast,https://rightsstatements.org/vocab/InC-NC/1.0/
mbp131,drk-10-holy-light.png,,,Holy Light,Wizards of the Coast,"Tucker, Drew",The Dark,1994,Holy Light,flavor text,,,,Scryfall.com,c3c8a850-bc99-4679-a316-45ecdea696b2,Image,image/png,English,Wizards of the Coast,https://rightsstatements.org/vocab/InC-NC/1.0/
mbp132,leg-190-hornet-cobra.png,,,Hornet Cobra,Wizards of the Coast,"Everingham, Sandra",Legends,1994,Hornet Cobra,flavor text,,,,Scryfall.com,27180bad-9bbc-462b-8832-626dc403a3fd,Image,image/png,English,Wizards of the Coast,https://rightsstatements.org/vocab/InC-NC/1.0/
mbp133,5ed-303-hurricane.png,,,Hurricane,Wizards of the Coast,"Brudi, Cornelius",Fifth Edition,1997,Hurricane,flavor text; reprinted card,,,,Scryfall.com,1aa0de8c-a23f-49d2-ac16-91c0d1eb17a6,Image,image/png,English,Wizards of the Coast,https://rightsstatements.org/vocab/InC-NC/1.0/
mbp134,mor-12-idyllic-tutor.png,,,Idyllic Tutor,Wizards of the Coast,"Lyon, Howard",Morningtide,2008,Idyllic Tutor,flavor text; reprinted card,,,,Scryfall.com,0a5e7a59-7322-46eb-9903-00131234b310,Image,image/png,English,Wizards of the Coast,https://rightsstatements.org/vocab/InC-NC/1.0/
mbp135,otp-48-hypothesizzle.png,,,Hypothesizzle,Wizards of the Coast,"Nelson, Mark A.",Breaking News,2024,Hypothesizzle,flavor text; reprinted card,,,,Scryfall.com,4448d31e-faf4-4281-af48-4f638b939a62,Image,image/png,English,Wizards of the Coast,https://rightsstatements.org/vocab/InC-NC/1.0/
mbp136,all-51a-insidious-bookworms.png,,,Insidious Bookworms,Wizards of the Coast,"Simanson, Greg",Alliances,1996,Insidious Bookworms,flavor text,,,,Scryfall.com,4bfb7c7e-5a0a-4d4d-be98-ffed0386592b,Image,image/png,English,Wizards of the Coast,https://rightsstatements.org/vocab/InC-NC/1.0/
mbp137,bro-56-lat-nam-adept.png,,,Lat-Nam Adept,Wizards of the Coast,"Alfonso, Zara",The Brothers' War,2022,Lat-Nam Adept,book illustration; character,,,,Scryfall.com,a1e088de-e99f-4706-89e0-a7efdaf9403a,Image,image/png,English,Wizards of the Coast,https://rightsstatements.org/vocab/InC-NC/1.0/
mbp138,mkm-29-novice-inspector.png,,,Novice Inspector,Wizards of the Coast,"Setiawan, Fajareka",Murders at Karlov Manor,2024,Novice Inspector,scroll illustration; character,,,,Scryfall.com,0ad38866-fc5f-4f62-89c1-afc0f50765aa,Image,image/png,English,Wizards of the Coast,https://rightsstatements.org/vocab/InC-NC/1.0/
mbp139,ltr-116-book-of-mazarbul.png,,,Book of Mazarbul,Wizards of the Coast,"Gallegos, Randy",The Lord of the Rings: Tales of Middle-earth,2023,Book of Mazarbul,book illustration; game mechanic,,,,Scryfall.com,04dcef75-6f98-4233-ae32-6fe41724c8e0,Image,image/png,English,Wizards of the Coast,https://rightsstatements.org/vocab/InC-NC/1.0/
mbp140,usg-70-douse.png,,,Douse,Wizards of the Coast,"Mayerik, Val",Urza's Saga,1998,Douse,flavor text,,,,Scryfall.com,93a8d857-184d-4339-88f4-261378e5bd3c,Image,image/png,English,Wizards of the Coast,https://rightsstatements.org/vocab/InC-NC/1.0/
mbp141,neo-238-tamiyo-compleated-sage.png,,,"Tamiyo, Compleated Sage",Wizards of the Coast,"Rahn, Chris",Kamigawa: Neon Dynasty,2022,"Tamiyo, Compleated Sage",game mechanic,,,,Scryfall.com,222a736e-d819-452d-aeda-eb848c4b2302,Image,image/png,English,Wizards of the Coast,https://rightsstatements.org/vocab/InC-NC/1.0/
mbp142,ltr-286-elanor-gardner.png,,,Elanor Gardner,Wizards of the Coast,"Fjereide, Torgeir",The Lord of the Rings: Tales of Middle-earth,2023,Elanor Gardner,book illustration; flavor text,,,,Scryfall.com,6165eb73-49a8-4337-aa5d-7d9d48b916c9,Image,image/png,English,Wizards of the Coast,https://rightsstatements.org/vocab/InC-NC/1.0/
mbp143,unf-112-ignacio-of-myra-s-marvels.png,,,Ignacio of Myra's Marvels,Wizards of the Coast,Gaboleps,Unfinity,2022,Ignacio of Myra's Marvels,game mechanic,,,,Scryfall.com,8bb6342b-0b9e-4379-b433-70bbaeb04c19,Image,image/png,English,Wizards of the Coast,https://rightsstatements.org/vocab/InC-NC/1.0/
mbp144,jud-32-valor.png,,,Valor,Wizards of the Coast,"Walker, Kev",Judgment,2002,Valor,card cycle; character; flavor text,,,,Scryfall.com,58095f6b-d937-4871-b3af-5c6a1d9c04b3,Image,image/png,English,Wizards of the Coast,https://rightsstatements.org/vocab/InC-NC/1.0/
mbp145,jud-54-wonder.png,,,Wonder,Wizards of the Coast,"Guay, Rebecca",Judgment,2002,Wonder,card cycle; character; flavor text,,,,Scryfall.com,44670666-9028-4b4a-a5af-a3bf35fc6a21,Image,image/png,English,Wizards of the Coast,https://rightsstatements.org/vocab/InC-NC/1.0/
mbp146,jud-66-filth.png,,,Filth,Wizards of the Coast,"Baxa, Thomas M.",Judgment,2002,Filth,card cycle; character; flavor text,,,,Scryfall.com,37de06dc-c0c1-4edb-9732-2d16dbabfb31,Image,image/png,English,Wizards of the Coast,https://rightsstatements.org/vocab/InC-NC/1.0/
mbp147,jud-77-anger.png,,,Anger,Wizards of the Coast,"Avon, John",Judgment,2002,Anger,card cycle; character; flavor text,,,,Scryfall.com,fa2920af-e6a1-4939-ab59-67af4430e5b8,Image,image/png,English,Wizards of the Coast,https://rightsstatements.org/vocab/InC-NC/1.0/
mbp148,jud-107-brawn.png,,,Brawn,Wizards of the Coast,"Cavotta, Matt",Judgment,2002,Brawn,card cycle; character; flavor text,,,,Scryfall.com,e9f4b7fc-8793-43af-ade3-b23846a80457,Image,image/png,English,Wizards of the Coast,https://rightsstatements.org/vocab/InC-NC/1.0/
mbp149,chk-52-azami-lady-of-scrolls.png,,,"Azami, Lady of Scrolls",Wizards of the Coast,Ittoku,Champions of Kamigawa,2004,"Azami, Lady of Scrolls",scroll illustration; character,,,,Scryfall.com,15ea91b1-f2ff-4b99-8148-333aa27ea8cd,Image,image/png,English,Wizards of the Coast,https://rightsstatements.org/vocab/InC-NC/1.0/
mbp150,sok-45-minamo-scrollkeeper.png,,,Minamo Scrollkeeper,Wizards of the Coast,"Parente, Paolo ",Saviors of Kamigawa,2005,Minamo Scrollkeeper,flavor text; character; scroll illustration,,,,Scryfall.com,b37f85e2-63bb-4c9a-8290-0bb8e2318e68,Image,image/png,English,Wizards of the Coast,https://rightsstatements.org/vocab/InC-NC/1.0/
mbp151,7ed-61-archivist.png,,,Archivist,Wizards of the Coast,"Giancola, Donato",Seventh Edition,2001,Archivist,book illustration; scroll illustration; character; reprinted card,,,,Scryfall.com,8e44374d-b327-4193-ad3b-628191461d05,Image,image/png,English,Wizards of the Coast,https://rightsstatements.org/vocab/InC-NC/1.0/
mbp152,ody-232-cartographer.png,,,Cartographer,Wizards of the Coast,"Giancola, Donato",Odyssey,2001,Cartographer,scroll illustration; character; reprinted card,,,,Scryfall.com,8241680d-6453-44ac-ab0f-3e7ebdd31e89,Image,image/png,English,Wizards of the Coast,https://rightsstatements.org/vocab/InC-NC/1.0/
mbp153,vow-190-cartographer-s-survey.png,,,Cartographer's Survey,Wizards of the Coast,"Giancola, Donato",Innistrad: Crimson Vow,2021,Cartographer's Survey,scroll illustration; character,,,,Scryfall.com,b9a41cfc-f329-4e69-a785-835f69c7d2ba,Image,image/png,English,Wizards of the Coast,https://rightsstatements.org/vocab/InC-NC/1.0/
mbp154,7ed-171-yawgmoth-s-edict.png,,,Yawgmoth's Edict,Wizards of the Coast,"Giancola, Donato",Seventh Edition,2001,Yawgmoth's Edict,book illustration,,,,Scryfall.com,f72ed0e5-37a0-4909-a37e-ba4745bfae3b,Image,image/png,English,Wizards of the Coast,https://rightsstatements.org/vocab/InC-NC/1.0/
mbp155,mh2-53-mystic-redaction.png,,,Mystic Redaction,Wizards of the Coast,"Giancola, Donato",Modern Horizons 2,2021,Mystic Redaction,book illustration,,,,Scryfall.com,f2f6615e-194d-43aa-815a-34dca2ff4fea,Image,image/png,English,Wizards of the Coast,https://rightsstatements.org/vocab/InC-NC/1.0/
mbp156,7ed-16-gerrard-s-wisdom.png,,,Gerrard's Wisdom,Wizards of the Coast,"Giancola, Donato",Seventh Edition,2001,Gerrard's Wisdom,scroll illustration,,,,Scryfall.com,e43378f0-b518-499e-9950-c583bc2f11f8,Image,image/png,English,Wizards of the Coast,https://rightsstatements.org/vocab/InC-NC/1.0/
mbp157,7ed-305-jayemdae-tome.png,,,Jayemdae Tome,Wizards of the Coast,"Giancola, Donato",Seventh Edition,2001,Jayemdae Tome,book illustration; reprinted card,,,,Scryfall.com,3bed9644-5dc1-4d1c-b60d-4bcf305f2d0b,Image,image/png,English,Wizards of the Coast,https://rightsstatements.org/vocab/InC-NC/1.0/
mbp158,eld-326-chulane-teller-of-tales.png,,,"Chulane, Teller of Tales",Wizards of the Coast,"Minguez, Victor Adame",Throne of Eldraine,2019,"Chulane, Teller of Tales",book illustration; character,,,,Scryfall.com,83f43730-1c1f-4150-8771-d901c54bedc4,Image,image/png,English,Wizards of the Coast,https://rightsstatements.org/vocab/InC-NC/1.0/
mbp159,dsk-64-marina-vendrell-s-grimoire.png,,,Marina Vendrell's Grimoire,Wizards of the Coast,"Tsiperko, Denys",Duskmourn: House of Horror,2024,Marina Vendrell's Grimoire,book illustration,,,,Scryfall.com,1ab1aef7-4171-4869-8eb5-fe42e3ca9e45,Image,image/png,English,Wizards of the Coast,https://rightsstatements.org/vocab/InC-NC/1.0/
mbp160,lci-126-tarrian-s-journal.png,,,Tarrian's Journal,Wizards of the Coast,"Gallegos, Randy",The Lost Caverns of Ixalan,2023,Tarrian's Journal,book illustration; double-sided card,,,,Scryfall.com,99255a66-b868-45fc-a2a9-0c89bd851b69,Image,image/png,English,Wizards of the Coast,https://rightsstatements.org/vocab/InC-NC/1.0/
mbp161,lci-126-the-tomb-of-aclazotz.png,,,The Tomb of Aclazotz,Wizards of the Coast,"Gallegos, Randy",The Lost Caverns of Ixalan,2023,The Tomb of Aclazotz,double-sided card; card back,,,,Scryfall.com,99255a66-b868-45fc-a2a9-0c89bd851b69,Image,image/png,English,Wizards of the Coast,https://rightsstatements.org/vocab/InC-NC/1.0/
mbp162,ddq-28-pore-over-the-pages.png,,,Pore Over the Pages,Wizards of the Coast,"Gallegos, Randy",Duel Decks: Blessed vs. Cursed,2016,Pore Over the Pages,book illustration,,,,Scryfall.com,a7f9b8f0-f2b9-48ec-86c2-71d1419e396b,Image,image/png,English,Wizards of the Coast,https://rightsstatements.org/vocab/InC-NC/1.0/
mbp163,sld-1696-sol-ring.png,,,Sol Ring,Wizards of the Coast,"Look, Lindsey",Secret Lair,2024,Sol Ring,flavor text,,,,Scryfall.com,7d698bdd-b485-409d-b03e-c7c7d3fe9a92,Image,image/png,English,Wizards of the Coast,https://rightsstatements.org/vocab/InC-NC/1.0/
mbp164,dom-173-the-mending-of-dominaria.png,,,The Mending of Dominaria,Wizards of the Coast,"Paquette, Adam",Dominaria,2018,The Mending of Dominaria,game mechanic,,,,Scryfall.com,0d5e4d9a-34e1-46eb-814b-8e3bd4475b8a,Image,image/png,English,Wizards of the Coast,https://rightsstatements.org/vocab/InC-NC/1.0/
mbp165,mrd-118-deconstruct.png,,,Deconstruct,Wizards of the Coast,"Gregory, D. Alexander",Mirrodin,2003,Deconstruct,tablet illustration,,,,Scryfall.com,53face79-d2bf-43dd-aa4e-d724c2b68c49,Image,image/png,English,Wizards of the Coast,https://rightsstatements.org/vocab/InC-NC/1.0/
mbp166,m19-63-mystic-archaeologist.png,,,Mystic Archeologist,Wizards of the Coast,"Deschamps, Eric",Core Set 2019,2018,Mystic Archeologist,tablet illustration; character,,,,Scryfall.com,1b19cad0-5754-4625-8303-c8310bc7cbd5,Image,image/png,English,Wizards of the Coast,https://rightsstatements.org/vocab/InC-NC/1.0/
mbp167],jou-113-spite-of-mogis.png,,,Spite of Mogis,Wizards of the Coast,"Proce, Vincent",Journey Into Nyx,2014,Spite of Mogis,tablet illustration,,,,Scryfall.com,5676d255-707e-4621-a0df-3305f999f124,Image,image/png,English,Wizards of the Coast,https://rightsstatements.org/vocab/InC-NC/1.0/
mbp168,nem-18-seal-of-cleansing.png,,,Seal of Cleansing,Wizards of the Coast,"Moeller, Christopher",Nemesis,2000,Seal of Cleansing,tablet illustration; card cycle,,,,Scryfall.com,af6c921e-1b82-412c-9979-adfdf83440f7,Image,image/png,English,Wizards of the Coast,https://rightsstatements.org/vocab/InC-NC/1.0/
mbp169,nem-42-seal-of-removal.png,,,Sea of Removal,Wizards of the Coast,"Moeller, Christopher",Nemesis,2000,Sea of Removal,tablet illustration; card cycle,,,,Scryfall.com,487becfe-a9b1-4029-a487-2a32561570cb,Image,image/png,English,Wizards of the Coast,https://rightsstatements.org/vocab/InC-NC/1.0/
mbp170,nem-70-seal-of-doom.png,,,Seal of Doom,Wizards of the Coast,"Moeller, Christopher",Nemesis,2000,Seal of Doom,tablet illustration; card cycle,,,,Scryfall.com,396d9f58-a4ca-4197-94be-0f115427224e,Image,image/png,English,Wizards of the Coast,https://rightsstatements.org/vocab/InC-NC/1.0/
mbp171,nem-98-seal-of-fire.png,,,Seal of Fire,Wizards of the Coast,"Moeller, Christopher",Nemesis,2000,Seal of Fire,tablet illustration; card cycle,,,,Scryfall.com,37eaf1f6-4bdc-4669-9a15-50b65e016ccf,Image,image/png,English,Wizards of the Coast,https://rightsstatements.org/vocab/InC-NC/1.0/
mbp172,nem-115-seal-of-strength.png,,,Seal of Strength,Wizards of the Coast,"Moeller, Christopher",Nemesis,2000,Seal of Strength,tablet illustration; card cycle,,,,Scryfall.com,57650f78-3bf0-485a-bba8-7e7e14e47508,Image,image/png,English,Wizards of the Coast,https://rightsstatements.org/vocab/InC-NC/1.0/
mbp173,plc-153-seal-of-primordium.png,,,Seal of Primordium,Wizards of the Coast,"Moeller, Christopher",Planar Chaos,2007,Seal of Primordium,tablet illustration,,,,Scryfall.com,b2ba91ee-1f8e-47db-bb2d-bbb62039db17,Image,image/png,English,Wizards of the Coast,https://rightsstatements.org/vocab/InC-NC/1.0/
mbp174,clb-332-patriar-s-seal.png,,,Patriar's Seal,Wizards of the Coast,"Szutenberg, Kamila",Commander Legends: Battle for Baldur's Gate,2022,Patriar's Seal,scroll illustration,,,,Scryfall.com,37f920f0-4dfc-477b-af7e-a17dfc9ba455,Image,image/png,English,Wizards of the Coast,https://rightsstatements.org/vocab/InC-NC/1.0/
mbp175,mmq-288-bargaining-table.png,,,Bargaining Table,Wizards of the Coast,"Fischer, Scott M.",Mercadian Masques,1999,Bargaining Table,scroll illustration,,,,Scryfall.com,85da9395-42e9-4408-832d-74ea4b01256b,Image,image/png,English,Wizards of the Coast,https://rightsstatements.org/vocab/InC-NC/1.0/
mbp176,mmq-3-armistice.png,,,Armistice,Wizards of the Coast,"Frazier, Dan",Mercadian Masques,1999,Armistice,scroll illustration,,,,Scryfall.com,1eb4402a-f263-4f82-b4c0-cf0aa58dc946,Image,image/png,English,Wizards of the Coast,https://rightsstatements.org/vocab/InC-NC/1.0/
mbp177,clb-330-nimblewright-schematic.png,,,Nimblewright Schematic,Wizards of the Coast,"Kasper, Jakub",Commander Legends: Battle for Baldur's Gate,2022,Nimblewright Schematic,scroll illustration,,,,Scryfall.com,34282856-c0f1-4845-bfc8-537466c6a5bb,Image,image/png,English,Wizards of the Coast,https://rightsstatements.org/vocab/InC-NC/1.0/
mbp178,dtk-60-learn-from-the-past.png,,,Learn from the Past,Wizards of the Coast,"Stone, Chase",Dragons of Tarkir,2015,Learn from the Past,scroll illustration; archive illustration,,,,Scryfall.com,347c6e76-dba4-4448-a4f4-d9591d4539c7,Image,image/png,English,Wizards of the Coast,https://rightsstatements.org/vocab/InC-NC/1.0/
mbp179,stx-118-twinscroll-shaman.png,,,Twinscroll Shaman,Wizards of the Coast,"Seaman, Chris",Strixhaven: School of Mages,2021,Twinscroll Shaman,scroll illustration; character,,,,Scryfall.com,87193af5-4b6b-48d0-9b75-8171bb1d6e53,Image,image/png,English,Wizards of the Coast,https://rightsstatements.org/vocab/InC-NC/1.0/